goal,window_title,mode,label
Prepare Amazon SDE interview,YouTube - Amazon SDE Interview Guide,normal,PRODUCTIVE
Prepare Amazon SDE interview,GeeksforGeeks - Dynamic Programming,normal,PRODUCTIVE
Prepare Amazon SDE interview,HackerRank - Dashboard,normal,PRODUCTIVE
Prepare Amazon SDE interview,GeeksforGeeks - Dynamic Programming,deep,PRODUCTIVE
Prepare Amazon SDE interview,GeeksforGeeks - Dynamic Programming - Chrome,deep,PRODUCTIVE
Prepare Amazon SDE interview,Cracking the Coding Interview PDF,deep,PRODUCTIVE
Prepare Amazon SDE interview,Mock Interview - Chrome,deep,PRODUCTIVE
Prepare Amazon SDE interview,Cracking the Coding Interview PDF,deep,PRODUCTIVE
Prepare Amazon SDE interview,System Design Primer,deep,PRODUCTIVE
Prepare Amazon SDE interview,HackerRank - Dashboard,deep,PRODUCTIVE
Prepare Amazon SDE interview,Mock Interview,normal,PRODUCTIVE
Prepare Amazon SDE interview,HackerRank - Dashboard - Chrome,deep,PRODUCTIVE
Prepare Amazon SDE interview,GeeksforGeeks - Dynamic Programming,normal,PRODUCTIVE
Prepare Amazon SDE interview,Mock Interview - Chrome,deep,PRODUCTIVE
Prepare Amazon SDE interview,HackerRank - Dashboard,normal,PRODUCTIVE
Prepare Amazon SDE interview,GeeksforGeeks - Dynamic Programming,normal,PRODUCTIVE
Prepare Amazon SDE interview,Amazon Leadership Principles,deep,PRODUCTIVE
Prepare Amazon SDE interview,HackerRank - Dashboard - Chrome,deep,PRODUCTIVE
Prepare Amazon SDE interview,Amazon Leadership Principles,normal,PRODUCTIVE
Prepare Amazon SDE interview,Cracking the Coding Interview PDF,deep,PRODUCTIVE
Prepare Amazon SDE interview,LeetCode - Two Sum - Chrome,deep,PRODUCTIVE
Prepare Amazon SDE interview,LeetCode - Two Sum - Chrome,normal,PRODUCTIVE
Prepare Amazon SDE interview,Mock Interview,normal,PRODUCTIVE
Prepare Amazon SDE interview,Mock Interview,normal,PRODUCTIVE
Prepare Amazon SDE interview,System Design Primer,deep,PRODUCTIVE
Prepare Amazon SDE interview,Mock Interview,deep,PRODUCTIVE
Prepare Amazon SDE interview,GeeksforGeeks - Dynamic Programming,normal,PRODUCTIVE
Prepare Amazon SDE interview,GeeksforGeeks - Dynamic Programming,deep,PRODUCTIVE
Prepare Amazon SDE interview,LeetCode - Two Sum,normal,PRODUCTIVE
Prepare Amazon SDE interview,Amazon Leadership Principles,deep,PRODUCTIVE
Prepare Amazon SDE interview,HackerRank - Dashboard,deep,PRODUCTIVE
Prepare Amazon SDE interview,Mock Interview - Chrome,deep,PRODUCTIVE
Prepare Amazon SDE interview,Amazon Leadership Principles,normal,PRODUCTIVE
Prepare Amazon SDE interview,Mock Interview,normal,PRODUCTIVE
Prepare Amazon SDE interview,HackerRank - Dashboard,normal,PRODUCTIVE
Prepare Amazon SDE interview,System Design Primer,deep,PRODUCTIVE
Prepare Amazon SDE interview,Cracking the Coding Interview PDF,normal,PRODUCTIVE
Prepare Amazon SDE interview,Mock Interview - Chrome,deep,PRODUCTIVE
Prepare Amazon SDE interview,System Design Primer,deep,PRODUCTIVE
Prepare Amazon SDE interview,YouTube - Amazon SDE Interview Guide,normal,PRODUCTIVE
Prepare Amazon SDE interview,System Design Primer,normal,PRODUCTIVE
Prepare Amazon SDE interview,HackerRank - Dashboard - Chrome,deep,PRODUCTIVE
Prepare Amazon SDE interview,Cracking the Coding Interview PDF - Chrome,deep,PRODUCTIVE
Prepare Amazon SDE interview,Amazon Leadership Principles,normal,PRODUCTIVE
Prepare Amazon SDE interview,LeetCode - Two Sum - Chrome,normal,PRODUCTIVE
Prepare Amazon SDE interview,LeetCode - Two Sum - Chrome,normal,PRODUCTIVE
Prepare Amazon SDE interview,GeeksforGeeks - Dynamic Programming,deep,PRODUCTIVE
Prepare Amazon SDE interview,Mock Interview,deep,PRODUCTIVE
Prepare Amazon SDE interview,Amazon Leadership Principles,deep,PRODUCTIVE
Prepare Amazon SDE interview,Cracking the Coding Interview PDF,normal,PRODUCTIVE
Prepare Amazon SDE interview,Facebook,deep,DISTRACTION
Prepare Amazon SDE interview,Instagram,normal,DISTRACTION
Prepare Amazon SDE interview,9GAG - Fun - Chrome,deep,DISTRACTION
Prepare Amazon SDE interview,Facebook,deep,DISTRACTION
Prepare Amazon SDE interview,Steam - Dota 2,deep,DISTRACTION
Prepare Amazon SDE interview,Netflix - Breaking Bad,deep,DISTRACTION
Prepare Amazon SDE interview,Netflix - Breaking Bad,deep,DISTRACTION
Prepare Amazon SDE interview,YouTube - Funny Cat Compilation,normal,DISTRACTION
Prepare Amazon SDE interview,Netflix - Breaking Bad,deep,DISTRACTION
Prepare Amazon SDE interview,Pinterest - Home Decor - Chrome,normal,DISTRACTION
Prepare Amazon SDE interview,Facebook,normal,DISTRACTION
Prepare Amazon SDE interview,Discord - Chat,normal,DISTRACTION
Prepare Amazon SDE interview,Gaming - Cyberpunk 2077,deep,DISTRACTION
Prepare Amazon SDE interview,Hulu,normal,DISTRACTION
Prepare Amazon SDE interview,Hulu,normal,DISTRACTION
Prepare Amazon SDE interview,Pinterest - Home Decor,normal,DISTRACTION
Prepare Amazon SDE interview,BuzzFeed - Quizzes,normal,DISTRACTION
Prepare Amazon SDE interview,Netflix - Breaking Bad,normal,DISTRACTION
Prepare Amazon SDE interview,Discord - Chat - Chrome,normal,DISTRACTION
Prepare Amazon SDE interview,Twitch - Live Stream,normal,DISTRACTION
Prepare Amazon SDE interview,Netflix - Dave Chappelle,deep,DISTRACTION
Prepare Amazon SDE interview,Instagram,normal,DISTRACTION
Prepare Amazon SDE interview,Steam - Dota 2,deep,DISTRACTION
Prepare Amazon SDE interview,Disney+ - The Mandalorian - Chrome,deep,DISTRACTION
Prepare Amazon SDE interview,Hulu,normal,DISTRACTION
Prepare Amazon SDE interview,9GAG - Fun,deep,DISTRACTION
Prepare Amazon SDE interview,Reddit - r/memes,deep,DISTRACTION
Prepare Amazon SDE interview,Hulu - Chrome,normal,DISTRACTION
Prepare Amazon SDE interview,Pinterest - Home Decor - Chrome,deep,DISTRACTION
Prepare Amazon SDE interview,Reddit - r/memes,deep,DISTRACTION
Prepare Amazon SDE interview,Amazon Prime Video,normal,DISTRACTION
Prepare Amazon SDE interview,Comedy Central,normal,DISTRACTION
Prepare Amazon SDE interview,Comedy Central,deep,DISTRACTION
Prepare Amazon SDE interview,Comedy Central,deep,DISTRACTION
Prepare Amazon SDE interview,9GAG - Fun - Chrome,normal,DISTRACTION
Prepare Amazon SDE interview,Disney+ - The Mandalorian - Chrome,normal,DISTRACTION
Prepare Amazon SDE interview,Instagram,normal,DISTRACTION
Prepare Amazon SDE interview,YouTube - Standup Comedy,deep,DISTRACTION
Prepare Amazon SDE interview,Steam - Dota 2 - Chrome,deep,DISTRACTION
Prepare Amazon SDE interview,Reddit - r/memes - Chrome,normal,DISTRACTION
Prepare Amazon SDE interview,Pinterest - Home Decor - Chrome,normal,DISTRACTION
Prepare Amazon SDE interview,Whatsapp Web - Chrome,normal,DISTRACTION
Prepare Amazon SDE interview,Pinterest - Home Decor,normal,DISTRACTION
Prepare Amazon SDE interview,HBO Max,normal,DISTRACTION
Prepare Amazon SDE interview,Amazon Prime Video,normal,DISTRACTION
Prepare Amazon SDE interview,Hulu,deep,DISTRACTION
Prepare Amazon SDE interview,YouTube - Standup Comedy,normal,DISTRACTION
Prepare Amazon SDE interview,Hulu - Chrome,deep,DISTRACTION
Prepare Amazon SDE interview,Gaming - Cyberpunk 2077,normal,DISTRACTION
Prepare Amazon SDE interview,Amazon Prime Video,normal,DISTRACTION
Prepare Amazon SDE interview,Task Manager,normal,NEUTRAL
Prepare Amazon SDE interview,File Explorer,normal,NEUTRAL
Prepare Amazon SDE interview,CMD,normal,NEUTRAL
Prepare Amazon SDE interview,Task Manager,normal,NEUTRAL
Prepare Amazon SDE interview,Settings,deep,NEUTRAL
Prepare Amazon SDE interview,Task Manager,normal,NEUTRAL
Prepare Amazon SDE interview,Settings,deep,NEUTRAL
Prepare Amazon SDE interview,Desktop,normal,NEUTRAL
Prepare Amazon SDE interview,File Explorer,normal,NEUTRAL
Prepare Amazon SDE interview,File Explorer,deep,NEUTRAL
Prepare Amazon SDE interview,Desktop,deep,NEUTRAL
Prepare Amazon SDE interview,Calculator,deep,NEUTRAL
Prepare Amazon SDE interview,Calculator,normal,NEUTRAL
Prepare Amazon SDE interview,Notepad,deep,NEUTRAL
Prepare Amazon SDE interview,Task Manager,deep,NEUTRAL
Prepare Amazon SDE interview,Desktop,normal,NEUTRAL
Prepare Amazon SDE interview,CMD,normal,NEUTRAL
Prepare Amazon SDE interview,Calculator,deep,NEUTRAL
Prepare Amazon SDE interview,File Explorer,normal,NEUTRAL
Prepare Amazon SDE interview,Settings,deep,NEUTRAL
Learn React,Redux Toolkit Guide,normal,PRODUCTIVE
Learn React,Redux Toolkit Guide,normal,PRODUCTIVE
Learn React,VS Code - App.js,deep,PRODUCTIVE
Learn React,React Official Documentation,normal,PRODUCTIVE
Learn React,React Official Documentation,normal,PRODUCTIVE
Learn React,Udemy - React - The Complete Guide,deep,PRODUCTIVE
Learn React,Create React App,normal,PRODUCTIVE
Learn React,YouTube - React Crash Course,deep,PRODUCTIVE
Learn React,Redux Toolkit Guide - Chrome,normal,PRODUCTIVE
Learn React,React Official Documentation,normal,PRODUCTIVE
Learn React,Udemy - React - The Complete Guide,deep,PRODUCTIVE
Learn React,Udemy - React - The Complete Guide,deep,PRODUCTIVE
Learn React,StackOverflow - useEffect hook - Chrome,deep,PRODUCTIVE
Learn React,StackOverflow - useEffect hook,deep,PRODUCTIVE
Learn React,YouTube - React Crash Course,deep,PRODUCTIVE
Learn React,YouTube - React Crash Course,normal,PRODUCTIVE
Learn React,VS Code - App.js,deep,PRODUCTIVE
Learn React,YouTube - React Crash Course,normal,PRODUCTIVE
Learn React,StackOverflow - useEffect hook - Chrome,deep,PRODUCTIVE
Learn React,Udemy - React - The Complete Guide - Chrome,deep,PRODUCTIVE
Learn React,StackOverflow - useEffect hook - Chrome,deep,PRODUCTIVE
Learn React,Udemy - React - The Complete Guide - Chrome,normal,PRODUCTIVE
Learn React,Tailwind CSS Docs,deep,PRODUCTIVE
Learn React,VS Code - App.js - Chrome,deep,PRODUCTIVE
Learn React,React Official Documentation,normal,PRODUCTIVE
Learn React,Redux Toolkit Guide,deep,PRODUCTIVE
Learn React,Udemy - React - The Complete Guide - Chrome,deep,PRODUCTIVE
Learn React,YouTube - React Crash Course,normal,PRODUCTIVE
Learn React,Create React App,normal,PRODUCTIVE
Learn React,VS Code - App.js,normal,PRODUCTIVE
Learn React,YouTube - React Crash Course,normal,PRODUCTIVE
Learn React,StackOverflow - useEffect hook - Chrome,normal,PRODUCTIVE
Learn React,VS Code - App.js,deep,PRODUCTIVE
Learn React,Tailwind CSS Docs,normal,PRODUCTIVE
Learn React,React Official Documentation,normal,PRODUCTIVE
Learn React,StackOverflow - useEffect hook,deep,PRODUCTIVE
Learn React,Redux Toolkit Guide,deep,PRODUCTIVE
Learn React,Create React App,deep,PRODUCTIVE
Learn React,VS Code - App.js - Chrome,normal,PRODUCTIVE
Learn React,Udemy - React - The Complete Guide - Chrome,deep,PRODUCTIVE
Learn React,YouTube - React Crash Course,deep,PRODUCTIVE
Learn React,Tailwind CSS Docs,deep,PRODUCTIVE
Learn React,Tailwind CSS Docs,deep,PRODUCTIVE
Learn React,YouTube - React Crash Course,deep,PRODUCTIVE
Learn React,YouTube - React Crash Course,deep,PRODUCTIVE
Learn React,Create React App,normal,PRODUCTIVE
Learn React,Tailwind CSS Docs,normal,PRODUCTIVE
Learn React,Udemy - React - The Complete Guide - Chrome,normal,PRODUCTIVE
Learn React,Create React App,normal,PRODUCTIVE
Learn React,Redux Toolkit Guide,normal,PRODUCTIVE
Learn React,Pinterest - Home Decor,normal,DISTRACTION
Learn React,Netflix - Breaking Bad - Chrome,deep,DISTRACTION
Learn React,Amazon Prime Video - Chrome,deep,DISTRACTION
Learn React,Reddit - r/memes - Chrome,normal,DISTRACTION
Learn React,Pinterest - Home Decor - Chrome,normal,DISTRACTION
Learn React,Amazon Prime Video,deep,DISTRACTION
Learn React,Instagram,deep,DISTRACTION
Learn React,Pinterest - Home Decor - Chrome,normal,DISTRACTION
Learn React,Instagram,normal,DISTRACTION
Learn React,TikTok - Chrome,normal,DISTRACTION
Learn React,Pinterest - Home Decor - Chrome,deep,DISTRACTION
Learn React,Whatsapp Web - Chrome,normal,DISTRACTION
Learn React,Whatsapp Web,deep,DISTRACTION
Learn React,Comedy Central,normal,DISTRACTION
Learn React,Netflix - Dave Chappelle,normal,DISTRACTION
Learn React,Discord - Chat,deep,DISTRACTION
Learn React,9GAG - Fun,normal,DISTRACTION
Learn React,Pinterest - Home Decor - Chrome,deep,DISTRACTION
Learn React,Reddit - r/memes - Chrome,normal,DISTRACTION
Learn React,Netflix - Breaking Bad - Chrome,deep,DISTRACTION
Learn React,Steam - Dota 2 - Chrome,deep,DISTRACTION
Learn React,Netflix - Breaking Bad - Chrome,normal,DISTRACTION
Learn React,Discord - Chat - Chrome,deep,DISTRACTION
Learn React,HBO Max,normal,DISTRACTION
Learn React,Whatsapp Web - Chrome,deep,DISTRACTION
Learn React,Pinterest - Home Decor,deep,DISTRACTION
Learn React,Comedy Central,normal,DISTRACTION
Learn React,YouTube - Standup Comedy - Chrome,deep,DISTRACTION
Learn React,Hulu,normal,DISTRACTION
Learn React,Netflix - Breaking Bad - Chrome,deep,DISTRACTION
Learn React,TikTok - Chrome,deep,DISTRACTION
Learn React,Hulu,deep,DISTRACTION
Learn React,Netflix - Breaking Bad,normal,DISTRACTION
Learn React,YouTube - Funny Cat Compilation,normal,DISTRACTION
Learn React,Twitch - Live Stream - Chrome,deep,DISTRACTION
Learn React,Amazon Prime Video,normal,DISTRACTION
Learn React,Disney+ - The Mandalorian,deep,DISTRACTION
Learn React,Pinterest - Home Decor,deep,DISTRACTION
Learn React,Netflix - Breaking Bad,deep,DISTRACTION
Learn React,Comedy Central,normal,DISTRACTION
Learn React,Netflix - Breaking Bad,deep,DISTRACTION
Learn React,Amazon Prime Video,normal,DISTRACTION
Learn React,Pinterest - Home Decor - Chrome,normal,DISTRACTION
Learn React,Reddit - r/memes,normal,DISTRACTION
Learn React,Whatsapp Web - Chrome,deep,DISTRACTION
Learn React,Hulu,normal,DISTRACTION
Learn React,Twitch - Live Stream,deep,DISTRACTION
Learn React,Disney+ - The Mandalorian,deep,DISTRACTION
Learn React,TikTok - Chrome,normal,DISTRACTION
Learn React,Facebook,normal,DISTRACTION
Learn React,Task Manager,deep,NEUTRAL
Learn React,Notepad,deep,NEUTRAL
Learn React,Calculator,normal,NEUTRAL
Learn React,Notepad,deep,NEUTRAL
Learn React,Calculator,normal,NEUTRAL
Learn React,CMD,deep,NEUTRAL
Learn React,Desktop,normal,NEUTRAL
Learn React,Settings,deep,NEUTRAL
Learn React,Task Manager,deep,NEUTRAL
Learn React,Task Manager,normal,NEUTRAL
Learn React,Desktop,deep,NEUTRAL
Learn React,File Explorer,deep,NEUTRAL
Learn React,Notepad,deep,NEUTRAL
Learn React,Desktop,normal,NEUTRAL
Learn React,Calculator,deep,NEUTRAL
Learn React,CMD,deep,NEUTRAL
Learn React,Notepad,normal,NEUTRAL
Learn React,Notepad,deep,NEUTRAL
Learn React,File Explorer,deep,NEUTRAL
Learn React,CMD,normal,NEUTRAL
Study for math exam,Wolfram Alpha,deep,PRODUCTIVE
Study for math exam,Khan Academy - Calculus,deep,PRODUCTIVE
Study for math exam,Coursera - Mathematics - Chrome,normal,PRODUCTIVE
Study for math exam,YouTube - 3Blue1Brown,deep,PRODUCTIVE
Study for math exam,Coursera - Mathematics - Chrome,deep,PRODUCTIVE
Study for math exam,Textbook - Chapter 5,normal,PRODUCTIVE
Study for math exam,Coursera - Mathematics - Chrome,deep,PRODUCTIVE
Study for math exam,YouTube - 3Blue1Brown,deep,PRODUCTIVE
Study for math exam,YouTube - 3Blue1Brown,deep,PRODUCTIVE
Study for math exam,MIT OpenCourseWare - Chrome,deep,PRODUCTIVE
Study for math exam,Linear Algebra PDF,deep,PRODUCTIVE
Study for math exam,Coursera - Mathematics - Chrome,normal,PRODUCTIVE
Study for math exam,Linear Algebra PDF - Chrome,deep,PRODUCTIVE
Study for math exam,Textbook - Chapter 5,normal,PRODUCTIVE
Study for math exam,Khan Academy - Calculus,normal,PRODUCTIVE
Study for math exam,Desmos Graphing Calculator,deep,PRODUCTIVE
Study for math exam,Textbook - Chapter 5 - Chrome,normal,PRODUCTIVE
Study for math exam,Desmos Graphing Calculator,normal,PRODUCTIVE
Study for math exam,Coursera - Mathematics,deep,PRODUCTIVE
Study for math exam,Linear Algebra PDF,deep,PRODUCTIVE
Study for math exam,Khan Academy - Calculus - Chrome,deep,PRODUCTIVE
Study for math exam,Textbook - Chapter 5,normal,PRODUCTIVE
Study for math exam,Khan Academy - Calculus,normal,PRODUCTIVE
Study for math exam,Coursera - Mathematics,normal,PRODUCTIVE
Study for math exam,Desmos Graphing Calculator,deep,PRODUCTIVE
Study for math exam,Khan Academy - Calculus - Chrome,normal,PRODUCTIVE
Study for math exam,MIT OpenCourseWare - Chrome,deep,PRODUCTIVE
Study for math exam,Linear Algebra PDF,normal,PRODUCTIVE
Study for math exam,Textbook - Chapter 5 - Chrome,normal,PRODUCTIVE
Study for math exam,Desmos Graphing Calculator,normal,PRODUCTIVE
Study for math exam,MIT OpenCourseWare,normal,PRODUCTIVE
Study for math exam,MIT OpenCourseWare,normal,PRODUCTIVE
Study for math exam,MIT OpenCourseWare,normal,PRODUCTIVE
Study for math exam,Coursera - Mathematics,normal,PRODUCTIVE
Study for math exam,Linear Algebra PDF,deep,PRODUCTIVE
Study for math exam,Coursera - Mathematics,normal,PRODUCTIVE
Study for math exam,MIT OpenCourseWare,deep,PRODUCTIVE
Study for math exam,MIT OpenCourseWare,deep,PRODUCTIVE
Study for math exam,Khan Academy - Calculus,deep,PRODUCTIVE
Study for math exam,Coursera - Mathematics - Chrome,deep,PRODUCTIVE
Study for math exam,Coursera - Mathematics,normal,PRODUCTIVE
Study for math exam,Khan Academy - Calculus,normal,PRODUCTIVE
Study for math exam,Linear Algebra PDF,normal,PRODUCTIVE
Study for math exam,YouTube - 3Blue1Brown - Chrome,normal,PRODUCTIVE
Study for math exam,YouTube - 3Blue1Brown,normal,PRODUCTIVE
Study for math exam,Coursera - Mathematics,deep,PRODUCTIVE
Study for math exam,MIT OpenCourseWare,normal,PRODUCTIVE
Study for math exam,Wolfram Alpha,deep,PRODUCTIVE
Study for math exam,Desmos Graphing Calculator,deep,PRODUCTIVE
Study for math exam,Textbook - Chapter 5,deep,PRODUCTIVE
Study for math exam,Gaming - Cyberpunk 2077,normal,DISTRACTION
Study for math exam,YouTube - Funny Cat Compilation,normal,DISTRACTION
Study for math exam,9GAG - Fun,normal,DISTRACTION
Study for math exam,YouTube - Standup Comedy - Chrome,normal,DISTRACTION
Study for math exam,Pinterest - Home Decor,normal,DISTRACTION
Study for math exam,TikTok,deep,DISTRACTION
Study for math exam,YouTube - Funny Cat Compilation,deep,DISTRACTION
Study for math exam,Netflix - Dave Chappelle,deep,DISTRACTION
Study for math exam,Disney+ - The Mandalorian,deep,DISTRACTION
Study for math exam,BuzzFeed - Quizzes,deep,DISTRACTION
Study for math exam,Reddit - r/memes,deep,DISTRACTION
Study for math exam,9GAG - Fun,deep,DISTRACTION
Study for math exam,9GAG - Fun,normal,DISTRACTION
Study for math exam,BuzzFeed - Quizzes,normal,DISTRACTION
Study for math exam,Comedy Central,deep,DISTRACTION
Study for math exam,Gaming - Cyberpunk 2077,deep,DISTRACTION
Study for math exam,YouTube - Standup Comedy - Chrome,normal,DISTRACTION
Study for math exam,Netflix - Breaking Bad,normal,DISTRACTION
Study for math exam,Netflix - Breaking Bad - Chrome,normal,DISTRACTION
Study for math exam,Hulu - Chrome,deep,DISTRACTION
Study for math exam,Pinterest - Home Decor,deep,DISTRACTION
Study for math exam,Twitch - Live Stream,normal,DISTRACTION
Study for math exam,Netflix - Dave Chappelle,deep,DISTRACTION
Study for math exam,Twitter,deep,DISTRACTION
Study for math exam,Netflix - Dave Chappelle,normal,DISTRACTION
Study for math exam,Hulu,deep,DISTRACTION
Study for math exam,Reddit - r/memes,deep,DISTRACTION
Study for math exam,Gaming - Cyberpunk 2077,deep,DISTRACTION
Study for math exam,HBO Max,normal,DISTRACTION
Study for math exam,Comedy Central - Chrome,deep,DISTRACTION
Study for math exam,TikTok,deep,DISTRACTION
Study for math exam,Whatsapp Web,normal,DISTRACTION
Study for math exam,TikTok,normal,DISTRACTION
Study for math exam,Steam - Dota 2 - Chrome,deep,DISTRACTION
Study for math exam,BuzzFeed - Quizzes,deep,DISTRACTION
Study for math exam,YouTube - Standup Comedy,deep,DISTRACTION
Study for math exam,Disney+ - The Mandalorian,normal,DISTRACTION
Study for math exam,TikTok - Chrome,normal,DISTRACTION
Study for math exam,TikTok - Chrome,deep,DISTRACTION
Study for math exam,Discord - Chat - Chrome,deep,DISTRACTION
Study for math exam,Comedy Central - Chrome,deep,DISTRACTION
Study for math exam,HBO Max,normal,DISTRACTION
Study for math exam,9GAG - Fun - Chrome,normal,DISTRACTION
Study for math exam,Netflix - Breaking Bad,normal,DISTRACTION
Study for math exam,Gaming - Cyberpunk 2077 - Chrome,normal,DISTRACTION
Study for math exam,Amazon Prime Video - Chrome,normal,DISTRACTION
Study for math exam,Facebook,normal,DISTRACTION
Study for math exam,Reddit - r/memes,normal,DISTRACTION
Study for math exam,Hulu,normal,DISTRACTION
Study for math exam,Steam - Dota 2,deep,DISTRACTION
Study for math exam,Task Manager,normal,NEUTRAL
Study for math exam,Task Manager,normal,NEUTRAL
Study for math exam,Task Manager,deep,NEUTRAL
Study for math exam,File Explorer,normal,NEUTRAL
Study for math exam,CMD,deep,NEUTRAL
Study for math exam,Desktop,deep,NEUTRAL
Study for math exam,Desktop,normal,NEUTRAL
Study for math exam,Notepad,normal,NEUTRAL
Study for math exam,CMD,normal,NEUTRAL
Study for math exam,CMD,normal,NEUTRAL
Study for math exam,Notepad,normal,NEUTRAL
Study for math exam,Calculator,deep,NEUTRAL
Study for math exam,File Explorer,deep,NEUTRAL
Study for math exam,Settings,normal,NEUTRAL
Study for math exam,CMD,normal,NEUTRAL
Study for math exam,Notepad,normal,NEUTRAL
Study for math exam,Notepad,deep,NEUTRAL
Study for math exam,Settings,deep,NEUTRAL
Study for math exam,Desktop,normal,NEUTRAL
Study for math exam,Desktop,deep,NEUTRAL
Write research paper,Google Scholar - Chrome,normal,PRODUCTIVE
Write research paper,Mendeley Reference Manager,normal,PRODUCTIVE
Write research paper,IEEE Xplore,normal,PRODUCTIVE
Write research paper,arXiv.org - Chrome,normal,PRODUCTIVE
Write research paper,Mendeley Reference Manager - Chrome,deep,PRODUCTIVE
Write research paper,ResearchGate - Download PDF,normal,PRODUCTIVE
Write research paper,ResearchGate - Download PDF - Chrome,normal,PRODUCTIVE
Write research paper,arXiv.org,deep,PRODUCTIVE
Write research paper,Google Scholar,normal,PRODUCTIVE
Write research paper,Mendeley Reference Manager,normal,PRODUCTIVE
Write research paper,Google Scholar,normal,PRODUCTIVE
Write research paper,ResearchGate - Download PDF - Chrome,normal,PRODUCTIVE
Write research paper,Word - Research_Final.docx,normal,PRODUCTIVE
Write research paper,Overleaf - LaTeX Editor - Chrome,deep,PRODUCTIVE
Write research paper,Mendeley Reference Manager,normal,PRODUCTIVE
Write research paper,ResearchGate - Download PDF,deep,PRODUCTIVE
Write research paper,Google Scholar,normal,PRODUCTIVE
Write research paper,Zotero Library - Chrome,deep,PRODUCTIVE
Write research paper,arXiv.org,normal,PRODUCTIVE
Write research paper,ResearchGate - Download PDF,deep,PRODUCTIVE
Write research paper,Word - Research_Final.docx,deep,PRODUCTIVE
Write research paper,ResearchGate - Download PDF,deep,PRODUCTIVE
Write research paper,Overleaf - LaTeX Editor - Chrome,deep,PRODUCTIVE
Write research paper,Word - Research_Final.docx,deep,PRODUCTIVE
Write research paper,Overleaf - LaTeX Editor,deep,PRODUCTIVE
Write research paper,Google Scholar - Chrome,normal,PRODUCTIVE
Write research paper,Zotero Library,deep,PRODUCTIVE
Write research paper,arXiv.org,normal,PRODUCTIVE
Write research paper,Mendeley Reference Manager,normal,PRODUCTIVE
Write research paper,Zotero Library,normal,PRODUCTIVE
Write research paper,arXiv.org,normal,PRODUCTIVE
Write research paper,arXiv.org - Chrome,deep,PRODUCTIVE
Write research paper,arXiv.org,deep,PRODUCTIVE
Write research paper,ResearchGate - Download PDF,deep,PRODUCTIVE
Write research paper,IEEE Xplore,normal,PRODUCTIVE
Write research paper,Zotero Library,deep,PRODUCTIVE
Write research paper,arXiv.org,normal,PRODUCTIVE
Write research paper,ResearchGate - Download PDF,normal,PRODUCTIVE
Write research paper,Word - Research_Final.docx,deep,PRODUCTIVE
Write research paper,IEEE Xplore - Chrome,normal,PRODUCTIVE
Write research paper,Word - Research_Final.docx,deep,PRODUCTIVE
Write research paper,Google Scholar,deep,PRODUCTIVE
Write research paper,Word - Research_Final.docx,deep,PRODUCTIVE
Write research paper,Google Scholar - Chrome,deep,PRODUCTIVE
Write research paper,arXiv.org,deep,PRODUCTIVE
Write research paper,Mendeley Reference Manager - Chrome,normal,PRODUCTIVE
Write research paper,Overleaf - LaTeX Editor,normal,PRODUCTIVE
Write research paper,arXiv.org - Chrome,deep,PRODUCTIVE
Write research paper,IEEE Xplore - Chrome,normal,PRODUCTIVE
Write research paper,Overleaf - LaTeX Editor,deep,PRODUCTIVE
Write research paper,Twitch - Live Stream,deep,DISTRACTION
Write research paper,Pinterest - Home Decor,normal,DISTRACTION
Write research paper,Whatsapp Web,deep,DISTRACTION
Write research paper,Hulu,normal,DISTRACTION
Write research paper,Netflix - Dave Chappelle,deep,DISTRACTION
Write research paper,Disney+ - The Mandalorian,deep,DISTRACTION
Write research paper,BuzzFeed - Quizzes,deep,DISTRACTION
Write research paper,Twitch - Live Stream,normal,DISTRACTION
Write research paper,Whatsapp Web - Chrome,normal,DISTRACTION
Write research paper,Discord - Chat,deep,DISTRACTION
Write research paper,Twitch - Live Stream - Chrome,deep,DISTRACTION
Write research paper,YouTube - Standup Comedy,deep,DISTRACTION
Write research paper,Twitter - Chrome,normal,DISTRACTION
Write research paper,Steam - Dota 2,normal,DISTRACTION
Write research paper,YouTube - Funny Cat Compilation,deep,DISTRACTION
Write research paper,Steam - Dota 2,deep,DISTRACTION
Write research paper,Hulu - Chrome,deep,DISTRACTION
Write research paper,Amazon Prime Video,normal,DISTRACTION
Write research paper,YouTube - Standup Comedy,deep,DISTRACTION
Write research paper,YouTube - Standup Comedy - Chrome,normal,DISTRACTION
Write research paper,Netflix - Dave Chappelle,normal,DISTRACTION
Write research paper,Twitch - Live Stream,normal,DISTRACTION
Write research paper,Amazon Prime Video,deep,DISTRACTION
Write research paper,Amazon Prime Video,normal,DISTRACTION
Write research paper,Steam - Dota 2,deep,DISTRACTION
Write research paper,Amazon Prime Video,deep,DISTRACTION
Write research paper,Discord - Chat,deep,DISTRACTION
Write research paper,Steam - Dota 2,deep,DISTRACTION
Write research paper,Gaming - Cyberpunk 2077,deep,DISTRACTION
Write research paper,Whatsapp Web,normal,DISTRACTION
Write research paper,Pinterest - Home Decor,normal,DISTRACTION
Write research paper,9GAG - Fun,normal,DISTRACTION
Write research paper,Comedy Central,deep,DISTRACTION
Write research paper,HBO Max,deep,DISTRACTION
Write research paper,Reddit - r/memes - Chrome,deep,DISTRACTION
Write research paper,Discord - Chat,normal,DISTRACTION
Write research paper,Disney+ - The Mandalorian - Chrome,normal,DISTRACTION
Write research paper,Discord - Chat,normal,DISTRACTION
Write research paper,HBO Max,deep,DISTRACTION
Write research paper,9GAG - Fun,normal,DISTRACTION
Write research paper,9GAG - Fun - Chrome,normal,DISTRACTION
Write research paper,BuzzFeed - Quizzes - Chrome,normal,DISTRACTION
Write research paper,Twitch - Live Stream - Chrome,deep,DISTRACTION
Write research paper,Reddit - r/memes,normal,DISTRACTION
Write research paper,Netflix - Dave Chappelle,deep,DISTRACTION
Write research paper,Twitter - Chrome,deep,DISTRACTION
Write research paper,Discord - Chat,deep,DISTRACTION
Write research paper,Amazon Prime Video - Chrome,normal,DISTRACTION
Write research paper,Twitch - Live Stream,normal,DISTRACTION
Write research paper,BuzzFeed - Quizzes - Chrome,deep,DISTRACTION
Write research paper,Task Manager,deep,NEUTRAL
Write research paper,Calculator,deep,NEUTRAL
Write research paper,File Explorer,normal,NEUTRAL
Write research paper,Settings,normal,NEUTRAL
Write research paper,Calculator,deep,NEUTRAL
Write research paper,Settings,normal,NEUTRAL
Write research paper,Task Manager,normal,NEUTRAL
Write research paper,Calculator,deep,NEUTRAL
Write research paper,Calculator,deep,NEUTRAL
Write research paper,Notepad,normal,NEUTRAL
Write research paper,Calculator,deep,NEUTRAL
Write research paper,Notepad,deep,NEUTRAL
Write research paper,Calculator,normal,NEUTRAL
Write research paper,Notepad,deep,NEUTRAL
Write research paper,Settings,normal,NEUTRAL
Write research paper,Calculator,normal,NEUTRAL
Write research paper,Desktop,normal,NEUTRAL
Write research paper,File Explorer,deep,NEUTRAL
Write research paper,Settings,deep,NEUTRAL
Write research paper,Calculator,normal,NEUTRAL
Learn Python,Jupyter Notebook,deep,PRODUCTIVE
Learn Python,Python 3.9 Documentation - Chrome,deep,PRODUCTIVE
Learn Python,Python 3.9 Documentation,deep,PRODUCTIVE
Learn Python,YouTube - Corey Schafer Python,deep,PRODUCTIVE
Learn Python,Automate the Boring Stuff,deep,PRODUCTIVE
Learn Python,Real Python - Tutorials,deep,PRODUCTIVE
Learn Python,Jupyter Notebook,normal,PRODUCTIVE
Learn Python,StackOverflow - List Comprehension,normal,PRODUCTIVE
Learn Python,Real Python - Tutorials - Chrome,normal,PRODUCTIVE
Learn Python,YouTube - Corey Schafer Python,deep,PRODUCTIVE
Learn Python,VS Code - main.py,deep,PRODUCTIVE
Learn Python,PyCharm,normal,PRODUCTIVE
Learn Python,PyCharm,normal,PRODUCTIVE
Learn Python,Real Python - Tutorials - Chrome,normal,PRODUCTIVE
Learn Python,PyCharm,deep,PRODUCTIVE
Learn Python,VS Code - main.py,deep,PRODUCTIVE
Learn Python,YouTube - Corey Schafer Python,normal,PRODUCTIVE
Learn Python,PyCharm - Chrome,deep,PRODUCTIVE
Learn Python,Jupyter Notebook,deep,PRODUCTIVE
Learn Python,Real Python - Tutorials - Chrome,deep,PRODUCTIVE
Learn Python,Real Python - Tutorials,deep,PRODUCTIVE
Learn Python,Automate the Boring Stuff,deep,PRODUCTIVE
Learn Python,Real Python - Tutorials - Chrome,deep,PRODUCTIVE
Learn Python,StackOverflow - List Comprehension,normal,PRODUCTIVE
Learn Python,StackOverflow - List Comprehension,normal,PRODUCTIVE
Learn Python,YouTube - Corey Schafer Python - Chrome,deep,PRODUCTIVE
Learn Python,Jupyter Notebook,normal,PRODUCTIVE
Learn Python,YouTube - Corey Schafer Python,normal,PRODUCTIVE
Learn Python,YouTube - Corey Schafer Python,deep,PRODUCTIVE
Learn Python,Automate the Boring Stuff,normal,PRODUCTIVE
Learn Python,Real Python - Tutorials,normal,PRODUCTIVE
Learn Python,Jupyter Notebook - Chrome,deep,PRODUCTIVE
Learn Python,PyCharm - Chrome,normal,PRODUCTIVE
Learn Python,Python 3.9 Documentation,deep,PRODUCTIVE
Learn Python,YouTube - Corey Schafer Python,deep,PRODUCTIVE
Learn Python,Python 3.9 Documentation - Chrome,deep,PRODUCTIVE
Learn Python,Real Python - Tutorials,deep,PRODUCTIVE
Learn Python,YouTube - Corey Schafer Python - Chrome,deep,PRODUCTIVE
Learn Python,StackOverflow - List Comprehension - Chrome,deep,PRODUCTIVE
Learn Python,PyCharm,deep,PRODUCTIVE
Learn Python,Automate the Boring Stuff,normal,PRODUCTIVE
Learn Python,VS Code - main.py - Chrome,normal,PRODUCTIVE
Learn Python,Automate the Boring Stuff,normal,PRODUCTIVE
Learn Python,Automate the Boring Stuff,normal,PRODUCTIVE
Learn Python,YouTube - Corey Schafer Python,deep,PRODUCTIVE
Learn Python,Jupyter Notebook - Chrome,normal,PRODUCTIVE
Learn Python,Jupyter Notebook,normal,PRODUCTIVE
Learn Python,PyCharm,normal,PRODUCTIVE
Learn Python,YouTube - Corey Schafer Python,normal,PRODUCTIVE
Learn Python,StackOverflow - List Comprehension - Chrome,normal,PRODUCTIVE
Learn Python,9GAG - Fun,deep,DISTRACTION
Learn Python,Pinterest - Home Decor - Chrome,deep,DISTRACTION
Learn Python,Disney+ - The Mandalorian - Chrome,deep,DISTRACTION
Learn Python,Disney+ - The Mandalorian - Chrome,deep,DISTRACTION
Learn Python,Whatsapp Web,normal,DISTRACTION
Learn Python,Netflix - Dave Chappelle - Chrome,normal,DISTRACTION
Learn Python,TikTok - Chrome,deep,DISTRACTION
Learn Python,Comedy Central,normal,DISTRACTION
Learn Python,Netflix - Dave Chappelle - Chrome,normal,DISTRACTION
Learn Python,Facebook,normal,DISTRACTION
Learn Python,Pinterest - Home Decor,normal,DISTRACTION
Learn Python,Gaming - Cyberpunk 2077 - Chrome,normal,DISTRACTION
Learn Python,Netflix - Breaking Bad - Chrome,deep,DISTRACTION
Learn Python,Reddit - r/memes,deep,DISTRACTION
Learn Python,TikTok,normal,DISTRACTION
Learn Python,Netflix - Breaking Bad,deep,DISTRACTION
Learn Python,Netflix - Breaking Bad,normal,DISTRACTION
Learn Python,Pinterest - Home Decor - Chrome,normal,DISTRACTION
Learn Python,BuzzFeed - Quizzes,normal,DISTRACTION
Learn Python,YouTube - Funny Cat Compilation,deep,DISTRACTION
Learn Python,Reddit - r/memes,normal,DISTRACTION
Learn Python,Facebook,deep,DISTRACTION
Learn Python,Disney+ - The Mandalorian,deep,DISTRACTION
Learn Python,Facebook,normal,DISTRACTION
Learn Python,Pinterest - Home Decor,normal,DISTRACTION
Learn Python,Whatsapp Web,deep,DISTRACTION
Learn Python,Discord - Chat - Chrome,deep,DISTRACTION
Learn Python,Netflix - Breaking Bad,deep,DISTRACTION
Learn Python,Facebook - Chrome,deep,DISTRACTION
Learn Python,Reddit - r/memes - Chrome,normal,DISTRACTION
Learn Python,Discord - Chat - Chrome,normal,DISTRACTION
Learn Python,9GAG - Fun,normal,DISTRACTION
Learn Python,Amazon Prime Video,normal,DISTRACTION
Learn Python,Whatsapp Web,deep,DISTRACTION
Learn Python,Comedy Central,normal,DISTRACTION
Learn Python,Steam - Dota 2,deep,DISTRACTION
Learn Python,Gaming - Cyberpunk 2077 - Chrome,deep,DISTRACTION
Learn Python,Hulu,normal,DISTRACTION
Learn Python,Netflix - Breaking Bad,deep,DISTRACTION
Learn Python,YouTube - Funny Cat Compilation,normal,DISTRACTION
Learn Python,Steam - Dota 2,normal,DISTRACTION
Learn Python,Amazon Prime Video,normal,DISTRACTION
Learn Python,Disney+ - The Mandalorian - Chrome,deep,DISTRACTION
Learn Python,Discord - Chat,deep,DISTRACTION
Learn Python,Pinterest - Home Decor,normal,DISTRACTION
Learn Python,Amazon Prime Video - Chrome,deep,DISTRACTION
Learn Python,9GAG - Fun,normal,DISTRACTION
Learn Python,Pinterest - Home Decor,normal,DISTRACTION
Learn Python,Disney+ - The Mandalorian,normal,DISTRACTION
Learn Python,Amazon Prime Video,normal,DISTRACTION
Learn Python,Task Manager,normal,NEUTRAL
Learn Python,Task Manager,deep,NEUTRAL
Learn Python,CMD,normal,NEUTRAL
Learn Python,Task Manager,normal,NEUTRAL
Learn Python,CMD,deep,NEUTRAL
Learn Python,Calculator,deep,NEUTRAL
Learn Python,Calculator,deep,NEUTRAL
Learn Python,CMD,normal,NEUTRAL
Learn Python,Task Manager,normal,NEUTRAL
Learn Python,Settings,deep,NEUTRAL
Learn Python,Settings,normal,NEUTRAL
Learn Python,Notepad,normal,NEUTRAL
Learn Python,Task Manager,normal,NEUTRAL
Learn Python,Desktop,deep,NEUTRAL
Learn Python,CMD,deep,NEUTRAL
Learn Python,File Explorer,deep,NEUTRAL
Learn Python,Calculator,normal,NEUTRAL
Learn Python,CMD,deep,NEUTRAL
Learn Python,CMD,deep,NEUTRAL
Learn Python,Desktop,normal,NEUTRAL
Build a portfolio website,Dribbble - Inspiration - Chrome,deep,PRODUCTIVE
Build a portfolio website,VS Code - index.html - Chrome,normal,PRODUCTIVE
Build a portfolio website,Dribbble - Inspiration,deep,PRODUCTIVE
Build a portfolio website,MDN Web Docs - Grid Layout,deep,PRODUCTIVE
Build a portfolio website,Figma - UI Design,normal,PRODUCTIVE
Build a portfolio website,GitHub - Portfolio Repo - Chrome,normal,PRODUCTIVE
Build a portfolio website,VS Code - index.html,deep,PRODUCTIVE
Build a portfolio website,Behance - Portfolio Design,normal,PRODUCTIVE
Build a portfolio website,Dribbble - Inspiration - Chrome,deep,PRODUCTIVE
Build a portfolio website,MDN Web Docs - Grid Layout - Chrome,deep,PRODUCTIVE
Build a portfolio website,Vercel - Deployment,deep,PRODUCTIVE
Build a portfolio website,Figma - UI Design - Chrome,deep,PRODUCTIVE
Build a portfolio website,VS Code - index.html,deep,PRODUCTIVE
Build a portfolio website,Figma - UI Design,normal,PRODUCTIVE
Build a portfolio website,Figma - UI Design,normal,PRODUCTIVE
Build a portfolio website,Figma - UI Design,deep,PRODUCTIVE
Build a portfolio website,Netlify - Dashboard,deep,PRODUCTIVE
Build a portfolio website,Vercel - Deployment,deep,PRODUCTIVE
Build a portfolio website,Figma - UI Design - Chrome,deep,PRODUCTIVE
Build a portfolio website,VS Code - index.html,deep,PRODUCTIVE
Build a portfolio website,Figma - UI Design,deep,PRODUCTIVE
Build a portfolio website,Vercel - Deployment - Chrome,normal,PRODUCTIVE
Build a portfolio website,Netlify - Dashboard,deep,PRODUCTIVE
Build a portfolio website,Vercel - Deployment,normal,PRODUCTIVE
Build a portfolio website,Behance - Portfolio Design,normal,PRODUCTIVE
Build a portfolio website,GitHub - Portfolio Repo,deep,PRODUCTIVE
Build a portfolio website,GitHub - Portfolio Repo,deep,PRODUCTIVE
Build a portfolio website,Figma - UI Design,normal,PRODUCTIVE
Build a portfolio website,MDN Web Docs - Grid Layout - Chrome,normal,PRODUCTIVE
Build a portfolio website,GitHub - Portfolio Repo - Chrome,normal,PRODUCTIVE
Build a portfolio website,Figma - UI Design - Chrome,deep,PRODUCTIVE
Build a portfolio website,MDN Web Docs - Grid Layout - Chrome,deep,PRODUCTIVE
Build a portfolio website,VS Code - index.html,deep,PRODUCTIVE
Build a portfolio website,Vercel - Deployment,deep,PRODUCTIVE
Build a portfolio website,VS Code - index.html,deep,PRODUCTIVE
Build a portfolio website,Behance - Portfolio Design,deep,PRODUCTIVE
Build a portfolio website,Vercel - Deployment - Chrome,deep,PRODUCTIVE
Build a portfolio website,Vercel - Deployment - Chrome,normal,PRODUCTIVE
Build a portfolio website,Dribbble - Inspiration,deep,PRODUCTIVE
Build a portfolio website,Dribbble - Inspiration,deep,PRODUCTIVE
Build a portfolio website,Behance - Portfolio Design,deep,PRODUCTIVE
Build a portfolio website,Behance - Portfolio Design,normal,PRODUCTIVE
Build a portfolio website,MDN Web Docs - Grid Layout,normal,PRODUCTIVE
Build a portfolio website,Vercel - Deployment,deep,PRODUCTIVE
Build a portfolio website,VS Code - index.html,normal,PRODUCTIVE
Build a portfolio website,Netlify - Dashboard,deep,PRODUCTIVE
Build a portfolio website,Netlify - Dashboard,deep,PRODUCTIVE
Build a portfolio website,Behance - Portfolio Design - Chrome,normal,PRODUCTIVE
Build a portfolio website,GitHub - Portfolio Repo,normal,PRODUCTIVE
Build a portfolio website,Figma - UI Design,deep,PRODUCTIVE
Build a portfolio website,TikTok,normal,DISTRACTION
Build a portfolio website,Discord - Chat,normal,DISTRACTION
Build a portfolio website,Reddit - r/memes,deep,DISTRACTION
Build a portfolio website,YouTube - Funny Cat Compilation,deep,DISTRACTION
Build a portfolio website,Gaming - Cyberpunk 2077 - Chrome,normal,DISTRACTION
Build a portfolio website,Netflix - Dave Chappelle,normal,DISTRACTION
Build a portfolio website,Disney+ - The Mandalorian,deep,DISTRACTION
Build a portfolio website,Netflix - Breaking Bad,normal,DISTRACTION
Build a portfolio website,Whatsapp Web,deep,DISTRACTION
Build a portfolio website,Reddit - r/memes,deep,DISTRACTION
Build a portfolio website,Discord - Chat,deep,DISTRACTION
Build a portfolio website,9GAG - Fun - Chrome,deep,DISTRACTION
Build a portfolio website,YouTube - Funny Cat Compilation - Chrome,deep,DISTRACTION
Build a portfolio website,Hulu,normal,DISTRACTION
Build a portfolio website,Comedy Central,normal,DISTRACTION
Build a portfolio website,TikTok - Chrome,normal,DISTRACTION
Build a portfolio website,9GAG - Fun - Chrome,normal,DISTRACTION
Build a portfolio website,Disney+ - The Mandalorian,normal,DISTRACTION
Build a portfolio website,Twitch - Live Stream,deep,DISTRACTION
Build a portfolio website,Facebook,normal,DISTRACTION
Build a portfolio website,Whatsapp Web,deep,DISTRACTION
Build a portfolio website,Twitch - Live Stream,normal,DISTRACTION
Build a portfolio website,Comedy Central - Chrome,normal,DISTRACTION
Build a portfolio website,Hulu - Chrome,normal,DISTRACTION
Build a portfolio website,9GAG - Fun - Chrome,deep,DISTRACTION
Build a portfolio website,Disney+ - The Mandalorian - Chrome,deep,DISTRACTION
Build a portfolio website,Netflix - Dave Chappelle,deep,DISTRACTION
Build a portfolio website,Hulu - Chrome,normal,DISTRACTION
Build a portfolio website,Netflix - Dave Chappelle,normal,DISTRACTION
Build a portfolio website,TikTok,normal,DISTRACTION
Build a portfolio website,Twitter - Chrome,normal,DISTRACTION
Build a portfolio website,TikTok,deep,DISTRACTION
Build a portfolio website,Twitch - Live Stream - Chrome,normal,DISTRACTION
Build a portfolio website,YouTube - Funny Cat Compilation - Chrome,normal,DISTRACTION
Build a portfolio website,Twitter - Chrome,normal,DISTRACTION
Build a portfolio website,Reddit - r/memes,deep,DISTRACTION
Build a portfolio website,Amazon Prime Video,deep,DISTRACTION
Build a portfolio website,Discord - Chat - Chrome,normal,DISTRACTION
Build a portfolio website,Comedy Central,deep,DISTRACTION
Build a portfolio website,Discord - Chat - Chrome,deep,DISTRACTION
Build a portfolio website,Comedy Central - Chrome,normal,DISTRACTION
Build a portfolio website,Instagram,deep,DISTRACTION
Build a portfolio website,HBO Max,deep,DISTRACTION
Build a portfolio website,Amazon Prime Video,normal,DISTRACTION
Build a portfolio website,HBO Max - Chrome,deep,DISTRACTION
Build a portfolio website,Netflix - Dave Chappelle - Chrome,normal,DISTRACTION
Build a portfolio website,Netflix - Breaking Bad,deep,DISTRACTION
Build a portfolio website,Steam - Dota 2,normal,DISTRACTION
Build a portfolio website,BuzzFeed - Quizzes,normal,DISTRACTION
Build a portfolio website,Disney+ - The Mandalorian,normal,DISTRACTION
Build a portfolio website,Calculator,normal,NEUTRAL
Build a portfolio website,File Explorer,normal,NEUTRAL
Build a portfolio website,Settings,deep,NEUTRAL
Build a portfolio website,Notepad,deep,NEUTRAL
Build a portfolio website,Settings,deep,NEUTRAL
Build a portfolio website,Notepad,normal,NEUTRAL
Build a portfolio website,Task Manager,deep,NEUTRAL
Build a portfolio website,Calculator,normal,NEUTRAL
Build a portfolio website,Calculator,deep,NEUTRAL
Build a portfolio website,Desktop,normal,NEUTRAL
Build a portfolio website,File Explorer,deep,NEUTRAL
Build a portfolio website,Notepad,normal,NEUTRAL
Build a portfolio website,Task Manager,deep,NEUTRAL
Build a portfolio website,Calculator,deep,NEUTRAL
Build a portfolio website,Task Manager,normal,NEUTRAL
Build a portfolio website,File Explorer,normal,NEUTRAL
Build a portfolio website,Calculator,deep,NEUTRAL
Build a portfolio website,Desktop,deep,NEUTRAL
Build a portfolio website,File Explorer,deep,NEUTRAL
Build a portfolio website,Desktop,normal,NEUTRAL
Debug backend API,AWS CloudWatch Logs - Chrome,normal,PRODUCTIVE
Debug backend API,VS Code - server.py,normal,PRODUCTIVE
Debug backend API,Swagger UI,normal,PRODUCTIVE
Debug backend API,Postman - Chrome,deep,PRODUCTIVE
Debug backend API,StackOverflow - 500 Internal Server Error,deep,PRODUCTIVE
Debug backend API,Swagger UI - Chrome,deep,PRODUCTIVE
Debug backend API,Swagger UI,deep,PRODUCTIVE
Debug backend API,Docker Desktop,normal,PRODUCTIVE
Debug backend API,VS Code - server.py,normal,PRODUCTIVE
Debug backend API,Django Documentation,normal,PRODUCTIVE
Debug backend API,Postman - Chrome,deep,PRODUCTIVE
Debug backend API,Postman,normal,PRODUCTIVE
Debug backend API,Flask API Guide - Chrome,normal,PRODUCTIVE
Debug backend API,AWS CloudWatch Logs,deep,PRODUCTIVE
Debug backend API,AWS CloudWatch Logs,deep,PRODUCTIVE
Debug backend API,Django Documentation - Chrome,deep,PRODUCTIVE
Debug backend API,AWS CloudWatch Logs - Chrome,normal,PRODUCTIVE
Debug backend API,Flask API Guide,deep,PRODUCTIVE
Debug backend API,AWS CloudWatch Logs,deep,PRODUCTIVE
Debug backend API,Docker Desktop,deep,PRODUCTIVE
Debug backend API,Swagger UI,deep,PRODUCTIVE
Debug backend API,Flask API Guide,normal,PRODUCTIVE
Debug backend API,Flask API Guide,deep,PRODUCTIVE
Debug backend API,AWS CloudWatch Logs,normal,PRODUCTIVE
Debug backend API,Swagger UI,normal,PRODUCTIVE
Debug backend API,Docker Desktop - Chrome,deep,PRODUCTIVE
Debug backend API,Django Documentation - Chrome,normal,PRODUCTIVE
Debug backend API,Swagger UI,deep,PRODUCTIVE
Debug backend API,Postman,normal,PRODUCTIVE
Debug backend API,Django Documentation,normal,PRODUCTIVE
Debug backend API,Flask API Guide,normal,PRODUCTIVE
Debug backend API,StackOverflow - 500 Internal Server Error,normal,PRODUCTIVE
Debug backend API,Docker Desktop - Chrome,deep,PRODUCTIVE
Debug backend API,Swagger UI - Chrome,deep,PRODUCTIVE
Debug backend API,Postman,deep,PRODUCTIVE
Debug backend API,Docker Desktop - Chrome,deep,PRODUCTIVE
Debug backend API,StackOverflow - 500 Internal Server Error,normal,PRODUCTIVE
Debug backend API,Flask API Guide,normal,PRODUCTIVE
Debug backend API,Postman,normal,PRODUCTIVE
Debug backend API,Docker Desktop,deep,PRODUCTIVE
Debug backend API,Postman,normal,PRODUCTIVE
Debug backend API,Django Documentation,deep,PRODUCTIVE
Debug backend API,Swagger UI,deep,PRODUCTIVE
Debug backend API,Postman,normal,PRODUCTIVE
Debug backend API,Flask API Guide,normal,PRODUCTIVE
Debug backend API,AWS CloudWatch Logs - Chrome,deep,PRODUCTIVE
Debug backend API,StackOverflow - 500 Internal Server Error,normal,PRODUCTIVE
Debug backend API,Flask API Guide,normal,PRODUCTIVE
Debug backend API,Docker Desktop,normal,PRODUCTIVE
Debug backend API,VS Code - server.py,normal,PRODUCTIVE
Debug backend API,Pinterest - Home Decor,deep,DISTRACTION
Debug backend API,Netflix - Dave Chappelle - Chrome,normal,DISTRACTION
Debug backend API,Comedy Central - Chrome,normal,DISTRACTION
Debug backend API,YouTube - Standup Comedy - Chrome,normal,DISTRACTION
Debug backend API,YouTube - Standup Comedy - Chrome,normal,DISTRACTION
Debug backend API,Twitter - Chrome,deep,DISTRACTION
Debug backend API,Hulu,deep,DISTRACTION
Debug backend API,BuzzFeed - Quizzes - Chrome,normal,DISTRACTION
Debug backend API,Amazon Prime Video,deep,DISTRACTION
Debug backend API,Netflix - Breaking Bad,normal,DISTRACTION
Debug backend API,9GAG - Fun,normal,DISTRACTION
Debug backend API,Netflix - Dave Chappelle - Chrome,deep,DISTRACTION
Debug backend API,Instagram,deep,DISTRACTION
Debug backend API,TikTok,normal,DISTRACTION
Debug backend API,YouTube - Standup Comedy - Chrome,normal,DISTRACTION
Debug backend API,Pinterest - Home Decor,normal,DISTRACTION
Debug backend API,YouTube - Standup Comedy,deep,DISTRACTION
Debug backend API,BuzzFeed - Quizzes - Chrome,deep,DISTRACTION
Debug backend API,YouTube - Standup Comedy,normal,DISTRACTION
Debug backend API,Hulu,normal,DISTRACTION
Debug backend API,HBO Max - Chrome,normal,DISTRACTION
Debug backend API,Whatsapp Web,normal,DISTRACTION
Debug backend API,Discord - Chat,normal,DISTRACTION
Debug backend API,Comedy Central,normal,DISTRACTION
Debug backend API,Facebook,deep,DISTRACTION
Debug backend API,Pinterest - Home Decor,deep,DISTRACTION
Debug backend API,Gaming - Cyberpunk 2077,normal,DISTRACTION
Debug backend API,Twitch - Live Stream,normal,DISTRACTION
Debug backend API,Discord - Chat,normal,DISTRACTION
Debug backend API,YouTube - Standup Comedy,normal,DISTRACTION
Debug backend API,Comedy Central - Chrome,normal,DISTRACTION
Debug backend API,Discord - Chat,deep,DISTRACTION
Debug backend API,Twitter,normal,DISTRACTION
Debug backend API,Netflix - Dave Chappelle,normal,DISTRACTION
Debug backend API,9GAG - Fun,normal,DISTRACTION
Debug backend API,Reddit - r/memes,deep,DISTRACTION
Debug backend API,Instagram,deep,DISTRACTION
Debug backend API,Disney+ - The Mandalorian,deep,DISTRACTION
Debug backend API,YouTube - Standup Comedy - Chrome,deep,DISTRACTION
Debug backend API,9GAG - Fun,deep,DISTRACTION
Debug backend API,Twitch - Live Stream,normal,DISTRACTION
Debug backend API,Pinterest - Home Decor,normal,DISTRACTION
Debug backend API,Instagram - Chrome,normal,DISTRACTION
Debug backend API,Whatsapp Web - Chrome,deep,DISTRACTION
Debug backend API,Steam - Dota 2,deep,DISTRACTION
Debug backend API,Netflix - Breaking Bad,deep,DISTRACTION
Debug backend API,Facebook,deep,DISTRACTION
Debug backend API,HBO Max,deep,DISTRACTION
Debug backend API,BuzzFeed - Quizzes,deep,DISTRACTION
Debug backend API,Amazon Prime Video,deep,DISTRACTION
Debug backend API,File Explorer,normal,NEUTRAL
Debug backend API,Desktop,normal,NEUTRAL
Debug backend API,Settings,normal,NEUTRAL
Debug backend API,Settings,normal,NEUTRAL
Debug backend API,Desktop,deep,NEUTRAL
Debug backend API,Desktop,deep,NEUTRAL
Debug backend API,CMD,deep,NEUTRAL
Debug backend API,Calculator,deep,NEUTRAL
Debug backend API,Calculator,deep,NEUTRAL
Debug backend API,Calculator,deep,NEUTRAL
Debug backend API,Calculator,deep,NEUTRAL
Debug backend API,File Explorer,normal,NEUTRAL
Debug backend API,File Explorer,deep,NEUTRAL
Debug backend API,Settings,deep,NEUTRAL
Debug backend API,Calculator,normal,NEUTRAL
Debug backend API,Calculator,deep,NEUTRAL
Debug backend API,Task Manager,normal,NEUTRAL
Debug backend API,File Explorer,deep,NEUTRAL
Debug backend API,File Explorer,normal,NEUTRAL
Debug backend API,File Explorer,normal,NEUTRAL
Learn machine learning,Towards Data Science - Chrome,deep,PRODUCTIVE
Learn machine learning,Kaggle,normal,PRODUCTIVE
Learn machine learning,TensorFlow Documentation,deep,PRODUCTIVE
Learn machine learning,Towards Data Science,deep,PRODUCTIVE
Learn machine learning,Andrew Ng - Deep Learning,normal,PRODUCTIVE
Learn machine learning,Colab - Untitled.ipynb,deep,PRODUCTIVE
Learn machine learning,PyTorch Tutorials,deep,PRODUCTIVE
Learn machine learning,Scikit-Learn Guide,normal,PRODUCTIVE
Learn machine learning,Towards Data Science,normal,PRODUCTIVE
Learn machine learning,TensorFlow Documentation,normal,PRODUCTIVE
Learn machine learning,PyTorch Tutorials - Chrome,normal,PRODUCTIVE
Learn machine learning,Kaggle - Chrome,deep,PRODUCTIVE
Learn machine learning,Scikit-Learn Guide,normal,PRODUCTIVE
Learn machine learning,TensorFlow Documentation,deep,PRODUCTIVE
Learn machine learning,Colab - Untitled.ipynb - Chrome,normal,PRODUCTIVE
Learn machine learning,Andrew Ng - Deep Learning,normal,PRODUCTIVE
Learn machine learning,Scikit-Learn Guide,deep,PRODUCTIVE
Learn machine learning,Scikit-Learn Guide,normal,PRODUCTIVE
Learn machine learning,Hugging Face Models,normal,PRODUCTIVE
Learn machine learning,Colab - Untitled.ipynb,deep,PRODUCTIVE
Learn machine learning,Andrew Ng - Deep Learning,normal,PRODUCTIVE
Learn machine learning,Kaggle - Chrome,normal,PRODUCTIVE
Learn machine learning,Kaggle,deep,PRODUCTIVE
Learn machine learning,PyTorch Tutorials - Chrome,normal,PRODUCTIVE
Learn machine learning,Scikit-Learn Guide,deep,PRODUCTIVE
Learn machine learning,Hugging Face Models,normal,PRODUCTIVE
Learn machine learning,Towards Data Science - Chrome,deep,PRODUCTIVE
Learn machine learning,Scikit-Learn Guide,deep,PRODUCTIVE
Learn machine learning,TensorFlow Documentation - Chrome,normal,PRODUCTIVE
Learn machine learning,Towards Data Science,normal,PRODUCTIVE
Learn machine learning,Scikit-Learn Guide,normal,PRODUCTIVE
Learn machine learning,Hugging Face Models,normal,PRODUCTIVE
Learn machine learning,Scikit-Learn Guide - Chrome,deep,PRODUCTIVE
Learn machine learning,Scikit-Learn Guide,deep,PRODUCTIVE
Learn machine learning,Towards Data Science,deep,PRODUCTIVE
Learn machine learning,Colab - Untitled.ipynb,normal,PRODUCTIVE
Learn machine learning,PyTorch Tutorials,normal,PRODUCTIVE
Learn machine learning,Hugging Face Models,deep,PRODUCTIVE
Learn machine learning,Andrew Ng - Deep Learning - Chrome,normal,PRODUCTIVE
Learn machine learning,Hugging Face Models - Chrome,normal,PRODUCTIVE
Learn machine learning,PyTorch Tutorials,deep,PRODUCTIVE
Learn machine learning,Andrew Ng - Deep Learning,deep,PRODUCTIVE
Learn machine learning,Andrew Ng - Deep Learning,normal,PRODUCTIVE
Learn machine learning,Towards Data Science - Chrome,normal,PRODUCTIVE
Learn machine learning,Kaggle,deep,PRODUCTIVE
Learn machine learning,TensorFlow Documentation,normal,PRODUCTIVE
Learn machine learning,Hugging Face Models,normal,PRODUCTIVE
Learn machine learning,Colab - Untitled.ipynb,deep,PRODUCTIVE
Learn machine learning,PyTorch Tutorials,deep,PRODUCTIVE
Learn machine learning,Towards Data Science,deep,PRODUCTIVE
Learn machine learning,YouTube - Funny Cat Compilation - Chrome,deep,DISTRACTION
Learn machine learning,Amazon Prime Video,normal,DISTRACTION
Learn machine learning,BuzzFeed - Quizzes,normal,DISTRACTION
Learn machine learning,Pinterest - Home Decor,deep,DISTRACTION
Learn machine learning,Instagram,normal,DISTRACTION
Learn machine learning,Twitch - Live Stream - Chrome,deep,DISTRACTION
Learn machine learning,Amazon Prime Video,deep,DISTRACTION
Learn machine learning,Netflix - Dave Chappelle - Chrome,deep,DISTRACTION
Learn machine learning,Instagram,normal,DISTRACTION
Learn machine learning,Whatsapp Web,deep,DISTRACTION
Learn machine learning,Reddit - r/memes,deep,DISTRACTION
Learn machine learning,Twitter,deep,DISTRACTION
Learn machine learning,YouTube - Funny Cat Compilation - Chrome,deep,DISTRACTION
Learn machine learning,Netflix - Dave Chappelle,normal,DISTRACTION
Learn machine learning,Facebook,normal,DISTRACTION
Learn machine learning,Pinterest - Home Decor,deep,DISTRACTION
Learn machine learning,Twitch - Live Stream - Chrome,normal,DISTRACTION
Learn machine learning,Discord - Chat,normal,DISTRACTION
Learn machine learning,Twitter - Chrome,deep,DISTRACTION
Learn machine learning,TikTok - Chrome,deep,DISTRACTION
Learn machine learning,YouTube - Funny Cat Compilation,deep,DISTRACTION
Learn machine learning,Twitch - Live Stream - Chrome,deep,DISTRACTION
Learn machine learning,Disney+ - The Mandalorian,normal,DISTRACTION
Learn machine learning,YouTube - Standup Comedy - Chrome,deep,DISTRACTION
Learn machine learning,Disney+ - The Mandalorian,deep,DISTRACTION
Learn machine learning,Pinterest - Home Decor,deep,DISTRACTION
Learn machine learning,Gaming - Cyberpunk 2077,deep,DISTRACTION
Learn machine learning,Netflix - Breaking Bad,normal,DISTRACTION
Learn machine learning,BuzzFeed - Quizzes - Chrome,normal,DISTRACTION
Learn machine learning,Reddit - r/memes - Chrome,deep,DISTRACTION
Learn machine learning,Hulu,normal,DISTRACTION
Learn machine learning,HBO Max - Chrome,normal,DISTRACTION
Learn machine learning,Twitch - Live Stream,normal,DISTRACTION
Learn machine learning,Amazon Prime Video,normal,DISTRACTION
Learn machine learning,Disney+ - The Mandalorian - Chrome,deep,DISTRACTION
Learn machine learning,BuzzFeed - Quizzes,normal,DISTRACTION
Learn machine learning,Instagram,deep,DISTRACTION
Learn machine learning,TikTok,deep,DISTRACTION
Learn machine learning,Gaming - Cyberpunk 2077,normal,DISTRACTION
Learn machine learning,Disney+ - The Mandalorian - Chrome,deep,DISTRACTION
Learn machine learning,YouTube - Standup Comedy,deep,DISTRACTION
Learn machine learning,Netflix - Dave Chappelle,deep,DISTRACTION
Learn machine learning,Whatsapp Web,deep,DISTRACTION
Learn machine learning,Netflix - Breaking Bad,normal,DISTRACTION
Learn machine learning,Facebook - Chrome,normal,DISTRACTION
Learn machine learning,Reddit - r/memes - Chrome,normal,DISTRACTION
Learn machine learning,Comedy Central - Chrome,normal,DISTRACTION
Learn machine learning,Hulu,normal,DISTRACTION
Learn machine learning,Twitch - Live Stream,normal,DISTRACTION
Learn machine learning,Disney+ - The Mandalorian,normal,DISTRACTION
Learn machine learning,Desktop,normal,NEUTRAL
Learn machine learning,Calculator,deep,NEUTRAL
Learn machine learning,Task Manager,normal,NEUTRAL
Learn machine learning,Desktop,normal,NEUTRAL
Learn machine learning,Task Manager,normal,NEUTRAL
Learn machine learning,Desktop,deep,NEUTRAL
Learn machine learning,Calculator,deep,NEUTRAL
Learn machine learning,Notepad,deep,NEUTRAL
Learn machine learning,CMD,normal,NEUTRAL
Learn machine learning,CMD,deep,NEUTRAL
Learn machine learning,CMD,normal,NEUTRAL
Learn machine learning,Task Manager,normal,NEUTRAL
Learn machine learning,Desktop,normal,NEUTRAL
Learn machine learning,Calculator,normal,NEUTRAL
Learn machine learning,Desktop,normal,NEUTRAL
Learn machine learning,Task Manager,deep,NEUTRAL
Learn machine learning,Desktop,deep,NEUTRAL
Learn machine learning,Calculator,normal,NEUTRAL
Learn machine learning,File Explorer,normal,NEUTRAL
Learn machine learning,File Explorer,normal,NEUTRAL
Write technical documentation,Notion - Tech Spec,normal,PRODUCTIVE
Write technical documentation,Lucidchart,deep,PRODUCTIVE
Write technical documentation,Lucidchart,normal,PRODUCTIVE
Write technical documentation,Notion - Tech Spec,deep,PRODUCTIVE
Write technical documentation,Jira - Ticket 123 - Chrome,deep,PRODUCTIVE
Write technical documentation,Lucidchart,normal,PRODUCTIVE
Write technical documentation,Google Docs - Architecture Overview,normal,PRODUCTIVE
Write technical documentation,Markdown Guide,normal,PRODUCTIVE
Write technical documentation,Confluence - Wiki,deep,PRODUCTIVE
Write technical documentation,Draw.io - Architecture Diagram,deep,PRODUCTIVE
Write technical documentation,Lucidchart - Chrome,normal,PRODUCTIVE
Write technical documentation,Notion - Tech Spec,deep,PRODUCTIVE
Write technical documentation,Notion - Tech Spec - Chrome,normal,PRODUCTIVE
Write technical documentation,Confluence - Wiki,deep,PRODUCTIVE
Write technical documentation,Google Docs - Architecture Overview - Chrome,normal,PRODUCTIVE
Write technical documentation,Draw.io - Architecture Diagram,deep,PRODUCTIVE
Write technical documentation,Jira - Ticket 123 - Chrome,deep,PRODUCTIVE
Write technical documentation,Jira - Ticket 123 - Chrome,deep,PRODUCTIVE
Write technical documentation,Jira - Ticket 123,normal,PRODUCTIVE
Write technical documentation,Google Docs - Architecture Overview,deep,PRODUCTIVE
Write technical documentation,GitHub - README.md,normal,PRODUCTIVE
Write technical documentation,Lucidchart - Chrome,normal,PRODUCTIVE
Write technical documentation,Jira - Ticket 123,normal,PRODUCTIVE
Write technical documentation,Draw.io - Architecture Diagram,normal,PRODUCTIVE
Write technical documentation,Draw.io - Architecture Diagram - Chrome,normal,PRODUCTIVE
Write technical documentation,Notion - Tech Spec - Chrome,normal,PRODUCTIVE
Write technical documentation,Google Docs - Architecture Overview,normal,PRODUCTIVE
Write technical documentation,Notion - Tech Spec - Chrome,normal,PRODUCTIVE
Write technical documentation,Markdown Guide - Chrome,normal,PRODUCTIVE
Write technical documentation,Confluence - Wiki - Chrome,deep,PRODUCTIVE
Write technical documentation,Notion - Tech Spec,normal,PRODUCTIVE
Write technical documentation,Jira - Ticket 123,normal,PRODUCTIVE
Write technical documentation,Markdown Guide,normal,PRODUCTIVE
Write technical documentation,Google Docs - Architecture Overview - Chrome,deep,PRODUCTIVE
Write technical documentation,Notion - Tech Spec,deep,PRODUCTIVE
Write technical documentation,Lucidchart - Chrome,normal,PRODUCTIVE
Write technical documentation,Lucidchart,normal,PRODUCTIVE
Write technical documentation,Markdown Guide,normal,PRODUCTIVE
Write technical documentation,Jira - Ticket 123,deep,PRODUCTIVE
Write technical documentation,Google Docs - Architecture Overview,normal,PRODUCTIVE
Write technical documentation,Markdown Guide - Chrome,deep,PRODUCTIVE
Write technical documentation,Notion - Tech Spec,deep,PRODUCTIVE
Write technical documentation,GitHub - README.md,deep,PRODUCTIVE
Write technical documentation,GitHub - README.md - Chrome,deep,PRODUCTIVE
Write technical documentation,Google Docs - Architecture Overview - Chrome,normal,PRODUCTIVE
Write technical documentation,Jira - Ticket 123,deep,PRODUCTIVE
Write technical documentation,Markdown Guide - Chrome,deep,PRODUCTIVE
Write technical documentation,Markdown Guide - Chrome,normal,PRODUCTIVE
Write technical documentation,Jira - Ticket 123,deep,PRODUCTIVE
Write technical documentation,Markdown Guide - Chrome,normal,PRODUCTIVE
Write technical documentation,HBO Max,deep,DISTRACTION
Write technical documentation,Reddit - r/memes,deep,DISTRACTION
Write technical documentation,Instagram - Chrome,normal,DISTRACTION
Write technical documentation,Reddit - r/memes - Chrome,deep,DISTRACTION
Write technical documentation,Twitch - Live Stream - Chrome,normal,DISTRACTION
Write technical documentation,Netflix - Breaking Bad,deep,DISTRACTION
Write technical documentation,YouTube - Standup Comedy,normal,DISTRACTION
Write technical documentation,BuzzFeed - Quizzes,deep,DISTRACTION
Write technical documentation,Disney+ - The Mandalorian,deep,DISTRACTION
Write technical documentation,Twitch - Live Stream,normal,DISTRACTION
Write technical documentation,Comedy Central,normal,DISTRACTION
Write technical documentation,Hulu,normal,DISTRACTION
Write technical documentation,Instagram,deep,DISTRACTION
Write technical documentation,Pinterest - Home Decor,normal,DISTRACTION
Write technical documentation,Disney+ - The Mandalorian - Chrome,normal,DISTRACTION
Write technical documentation,HBO Max - Chrome,normal,DISTRACTION
Write technical documentation,Hulu - Chrome,deep,DISTRACTION
Write technical documentation,Steam - Dota 2,deep,DISTRACTION
Write technical documentation,Hulu,deep,DISTRACTION
Write technical documentation,Hulu,normal,DISTRACTION
Write technical documentation,Discord - Chat - Chrome,deep,DISTRACTION
Write technical documentation,Netflix - Dave Chappelle,normal,DISTRACTION
Write technical documentation,Comedy Central,deep,DISTRACTION
Write technical documentation,Pinterest - Home Decor,normal,DISTRACTION
Write technical documentation,YouTube - Funny Cat Compilation,normal,DISTRACTION
Write technical documentation,Facebook - Chrome,deep,DISTRACTION
Write technical documentation,9GAG - Fun,deep,DISTRACTION
Write technical documentation,Netflix - Dave Chappelle,normal,DISTRACTION
Write technical documentation,Facebook - Chrome,normal,DISTRACTION
Write technical documentation,Netflix - Dave Chappelle,deep,DISTRACTION
Write technical documentation,Pinterest - Home Decor,deep,DISTRACTION
Write technical documentation,BuzzFeed - Quizzes,deep,DISTRACTION
Write technical documentation,Instagram,deep,DISTRACTION
Write technical documentation,Whatsapp Web,deep,DISTRACTION
Write technical documentation,TikTok - Chrome,normal,DISTRACTION
Write technical documentation,Facebook,deep,DISTRACTION
Write technical documentation,Gaming - Cyberpunk 2077 - Chrome,deep,DISTRACTION
Write technical documentation,Pinterest - Home Decor,normal,DISTRACTION
Write technical documentation,Netflix - Breaking Bad - Chrome,deep,DISTRACTION
Write technical documentation,Instagram,normal,DISTRACTION
Write technical documentation,Disney+ - The Mandalorian - Chrome,normal,DISTRACTION
Write technical documentation,Comedy Central,normal,DISTRACTION
Write technical documentation,Amazon Prime Video,normal,DISTRACTION
Write technical documentation,Hulu - Chrome,deep,DISTRACTION
Write technical documentation,Amazon Prime Video,deep,DISTRACTION
Write technical documentation,Whatsapp Web - Chrome,deep,DISTRACTION
Write technical documentation,Steam - Dota 2,deep,DISTRACTION
Write technical documentation,Twitter,deep,DISTRACTION
Write technical documentation,Amazon Prime Video - Chrome,normal,DISTRACTION
Write technical documentation,YouTube - Funny Cat Compilation,deep,DISTRACTION
Write technical documentation,Desktop,normal,NEUTRAL
Write technical documentation,Settings,deep,NEUTRAL
Write technical documentation,Settings,normal,NEUTRAL
Write technical documentation,File Explorer,deep,NEUTRAL
Write technical documentation,Notepad,normal,NEUTRAL
Write technical documentation,File Explorer,deep,NEUTRAL
Write technical documentation,Calculator,deep,NEUTRAL
Write technical documentation,CMD,normal,NEUTRAL
Write technical documentation,Notepad,normal,NEUTRAL
Write technical documentation,CMD,deep,NEUTRAL
Write technical documentation,Task Manager,normal,NEUTRAL
Write technical documentation,Task Manager,normal,NEUTRAL
Write technical documentation,Settings,deep,NEUTRAL
Write technical documentation,Calculator,deep,NEUTRAL
Write technical documentation,Calculator,normal,NEUTRAL
Write technical documentation,Calculator,deep,NEUTRAL
Write technical documentation,Calculator,normal,NEUTRAL
Write technical documentation,Task Manager,normal,NEUTRAL
Write technical documentation,File Explorer,normal,NEUTRAL
Write technical documentation,Task Manager,deep,NEUTRAL
Fix CSS bugs,CodePen - Test,normal,PRODUCTIVE
Fix CSS bugs,VS Code - styles.css - Chrome,deep,PRODUCTIVE
Fix CSS bugs,CodePen - Test,normal,PRODUCTIVE
Fix CSS bugs,StackOverflow - Center a div,deep,PRODUCTIVE
Fix CSS bugs,MDN - Flexbox,normal,PRODUCTIVE
Fix CSS bugs,W3Schools - CSS Selectors,normal,PRODUCTIVE
Fix CSS bugs,MDN - Flexbox,normal,PRODUCTIVE
Fix CSS bugs,VS Code - styles.css - Chrome,deep,PRODUCTIVE
Fix CSS bugs,VS Code - styles.css,normal,PRODUCTIVE
Fix CSS bugs,VS Code - styles.css,normal,PRODUCTIVE
Fix CSS bugs,W3Schools - CSS Selectors - Chrome,normal,PRODUCTIVE
Fix CSS bugs,MDN - Flexbox,normal,PRODUCTIVE
Fix CSS bugs,Chrome DevTools,deep,PRODUCTIVE
Fix CSS bugs,StackOverflow - Center a div,deep,PRODUCTIVE
Fix CSS bugs,CodePen - Test,normal,PRODUCTIVE
Fix CSS bugs,Can I Use - CSS Grid,deep,PRODUCTIVE
Fix CSS bugs,CodePen - Test,deep,PRODUCTIVE
Fix CSS bugs,Can I Use - CSS Grid,deep,PRODUCTIVE
Fix CSS bugs,StackOverflow - Center a div,deep,PRODUCTIVE
Fix CSS bugs,Can I Use - CSS Grid,deep,PRODUCTIVE
Fix CSS bugs,CSS Tricks - Guide to Grid,normal,PRODUCTIVE
Fix CSS bugs,StackOverflow - Center a div,deep,PRODUCTIVE
Fix CSS bugs,W3Schools - CSS Selectors,normal,PRODUCTIVE
Fix CSS bugs,CodePen - Test,normal,PRODUCTIVE
Fix CSS bugs,MDN - Flexbox,deep,PRODUCTIVE
Fix CSS bugs,W3Schools - CSS Selectors,normal,PRODUCTIVE
Fix CSS bugs,StackOverflow - Center a div,normal,PRODUCTIVE
Fix CSS bugs,CSS Tricks - Guide to Grid - Chrome,deep,PRODUCTIVE
Fix CSS bugs,StackOverflow - Center a div - Chrome,deep,PRODUCTIVE
Fix CSS bugs,StackOverflow - Center a div,deep,PRODUCTIVE
Fix CSS bugs,CodePen - Test,deep,PRODUCTIVE
Fix CSS bugs,CodePen - Test,normal,PRODUCTIVE
Fix CSS bugs,VS Code - styles.css,normal,PRODUCTIVE
Fix CSS bugs,W3Schools - CSS Selectors,normal,PRODUCTIVE
Fix CSS bugs,CodePen - Test - Chrome,deep,PRODUCTIVE
Fix CSS bugs,CodePen - Test,normal,PRODUCTIVE
Fix CSS bugs,CodePen - Test,deep,PRODUCTIVE
Fix CSS bugs,CodePen - Test - Chrome,normal,PRODUCTIVE
Fix CSS bugs,VS Code - styles.css,deep,PRODUCTIVE
Fix CSS bugs,CodePen - Test,deep,PRODUCTIVE
Fix CSS bugs,W3Schools - CSS Selectors - Chrome,normal,PRODUCTIVE
Fix CSS bugs,MDN - Flexbox - Chrome,deep,PRODUCTIVE
Fix CSS bugs,StackOverflow - Center a div - Chrome,normal,PRODUCTIVE
Fix CSS bugs,CodePen - Test,deep,PRODUCTIVE
Fix CSS bugs,StackOverflow - Center a div - Chrome,deep,PRODUCTIVE
Fix CSS bugs,CodePen - Test,normal,PRODUCTIVE
Fix CSS bugs,Chrome DevTools,deep,PRODUCTIVE
Fix CSS bugs,MDN - Flexbox,deep,PRODUCTIVE
Fix CSS bugs,CSS Tricks - Guide to Grid,deep,PRODUCTIVE
Fix CSS bugs,StackOverflow - Center a div,normal,PRODUCTIVE
Fix CSS bugs,Amazon Prime Video,normal,DISTRACTION
Fix CSS bugs,Reddit - r/memes,normal,DISTRACTION
Fix CSS bugs,Reddit - r/memes,normal,DISTRACTION
Fix CSS bugs,Reddit - r/memes,normal,DISTRACTION
Fix CSS bugs,Pinterest - Home Decor - Chrome,deep,DISTRACTION
Fix CSS bugs,Gaming - Cyberpunk 2077 - Chrome,normal,DISTRACTION
Fix CSS bugs,Comedy Central,deep,DISTRACTION
Fix CSS bugs,Hulu,normal,DISTRACTION
Fix CSS bugs,Hulu,normal,DISTRACTION
Fix CSS bugs,Twitter - Chrome,normal,DISTRACTION
Fix CSS bugs,Comedy Central - Chrome,deep,DISTRACTION
Fix CSS bugs,BuzzFeed - Quizzes,normal,DISTRACTION
Fix CSS bugs,Netflix - Dave Chappelle,normal,DISTRACTION
Fix CSS bugs,TikTok - Chrome,deep,DISTRACTION
Fix CSS bugs,Reddit - r/memes,deep,DISTRACTION
Fix CSS bugs,Whatsapp Web,normal,DISTRACTION
Fix CSS bugs,Reddit - r/memes - Chrome,deep,DISTRACTION
Fix CSS bugs,Steam - Dota 2,normal,DISTRACTION
Fix CSS bugs,Twitch - Live Stream,deep,DISTRACTION
Fix CSS bugs,HBO Max,normal,DISTRACTION
Fix CSS bugs,Disney+ - The Mandalorian,normal,DISTRACTION
Fix CSS bugs,9GAG - Fun,deep,DISTRACTION
Fix CSS bugs,Amazon Prime Video,normal,DISTRACTION
Fix CSS bugs,Gaming - Cyberpunk 2077,normal,DISTRACTION
Fix CSS bugs,Twitch - Live Stream,deep,DISTRACTION
Fix CSS bugs,Comedy Central,deep,DISTRACTION
Fix CSS bugs,Hulu,deep,DISTRACTION
Fix CSS bugs,BuzzFeed - Quizzes,normal,DISTRACTION
Fix CSS bugs,Amazon Prime Video,normal,DISTRACTION
Fix CSS bugs,Comedy Central,deep,DISTRACTION
Fix CSS bugs,Gaming - Cyberpunk 2077,deep,DISTRACTION
Fix CSS bugs,Reddit - r/memes,normal,DISTRACTION
Fix CSS bugs,Facebook - Chrome,deep,DISTRACTION
Fix CSS bugs,Facebook,normal,DISTRACTION
Fix CSS bugs,Instagram,deep,DISTRACTION
Fix CSS bugs,Twitch - Live Stream - Chrome,deep,DISTRACTION
Fix CSS bugs,9GAG - Fun - Chrome,deep,DISTRACTION
Fix CSS bugs,BuzzFeed - Quizzes,deep,DISTRACTION
Fix CSS bugs,HBO Max,normal,DISTRACTION
Fix CSS bugs,Steam - Dota 2,deep,DISTRACTION
Fix CSS bugs,HBO Max,deep,DISTRACTION
Fix CSS bugs,Facebook - Chrome,deep,DISTRACTION
Fix CSS bugs,Whatsapp Web,normal,DISTRACTION
Fix CSS bugs,Facebook,normal,DISTRACTION
Fix CSS bugs,HBO Max - Chrome,deep,DISTRACTION
Fix CSS bugs,Twitter - Chrome,deep,DISTRACTION
Fix CSS bugs,BuzzFeed - Quizzes,deep,DISTRACTION
Fix CSS bugs,Comedy Central,normal,DISTRACTION
Fix CSS bugs,Disney+ - The Mandalorian - Chrome,normal,DISTRACTION
Fix CSS bugs,Netflix - Breaking Bad - Chrome,normal,DISTRACTION
Fix CSS bugs,CMD,deep,NEUTRAL
Fix CSS bugs,Desktop,normal,NEUTRAL
Fix CSS bugs,Desktop,deep,NEUTRAL
Fix CSS bugs,Calculator,normal,NEUTRAL
Fix CSS bugs,File Explorer,deep,NEUTRAL
Fix CSS bugs,Notepad,deep,NEUTRAL
Fix CSS bugs,Desktop,deep,NEUTRAL
Fix CSS bugs,Notepad,normal,NEUTRAL
Fix CSS bugs,File Explorer,normal,NEUTRAL
Fix CSS bugs,Notepad,normal,NEUTRAL
Fix CSS bugs,Desktop,deep,NEUTRAL
Fix CSS bugs,File Explorer,deep,NEUTRAL
Fix CSS bugs,Notepad,normal,NEUTRAL
Fix CSS bugs,Calculator,deep,NEUTRAL
Fix CSS bugs,Settings,normal,NEUTRAL
Fix CSS bugs,Task Manager,deep,NEUTRAL
Fix CSS bugs,Task Manager,deep,NEUTRAL
Fix CSS bugs,File Explorer,deep,NEUTRAL
Fix CSS bugs,File Explorer,normal,NEUTRAL
Fix CSS bugs,Calculator,normal,NEUTRAL